{
  "name": "lightgallery",
  "title": "jQuery lightgallery",
  "description": "JQuery lightGallery is a lightweight jQuery lightbox gallery for displaying image and video gallery",
  "version": "1.4.0",
  "homepage": "https://github.com/sachinchoolur/lightGallery",
  "author": {
    "name": "Sachin N",
    "url": "https://github.com/sachinchoolur"
  },
  "repository": {
    "type": "git",
    "url": "https://github.com/sachinchoolur/lightGallery"
  },
  "bugs": "",
  "licenses": [
    {
      "type": "GPLv3"
    }
  ],
  "dependencies": {
    "jquery": ">=1.7.0"
  },
  "keywords": [
    "jquery-plugin"
  ]
}
